[  {
    "Username": "Lnwboss",
    "Name": "Pitchayut Srimuang ",
    "prof_img": "https://scontent.fbkk5-3.fna.fbcdn.net/v/t1.6435-9/31295681_329999264191779_7239056395453071360_n.jpg?_nc_cat=105&ccb=1-7&_nc_sid=174925&_nc_eui2=AeGIoGXOfERdXSQwYUG_FrEQ-3-EyxUh0tH7f4TLFSHS0fmQSJKbYvqvdqKPnLdTM-zv3h3WMfyVRQSb3onwRNmu&_nc_ohc=W4MmdOKaWLwAX9_9gk1&_nc_ht=scontent.fbkk5-3.fna&oh=00_AfAxkMN1tXibiCte3AMrTArK9J9lPGG32XToVc84CzlMYQ&oe=64284AB8",
    "package": "Super Supreme Lnw "
},{
    "Username": "admin",
    "Name": "ADMIN",
    "prof_img": "https://scontent.fbkk5-8.fna.fbcdn.net/v/t39.30808-6/238069238_2004443746384537_4450183728410334274_n.jpg?_nc_cat=106&ccb=1-7&_nc_sid=174925&_nc_eui2=AeF5SbRUGW68xbUFHz_CNlrWMJOJufO4Zhgwk4m587hmGChWKlTMyzU_v2A2M6uFXP2KiU0-LHRg2vhAC5Ve4zjj&_nc_ohc=lYMzdxMS3ZkAX-xS0K4&_nc_ht=scontent.fbkk5-8.fna&oh=00_AfAAK0TjPSYKsT2tMK6IWwmxPXU0j91hDPnTE2pKaiaNsQ&oe=6405C208",
    "package": "ADMIN"
}
]
